,COUNTRY,BUSINESS_LINE,INDUSTRY_CLUSTER,SUPPLIER_NAME,COMPOSITIONS,APPLICATIONS,FUNCTIONS,PRODUCT_NAME,CAS_FROM_DOC,PHYSICAL_FORM,DESCRIPTION,RECOMMENDED_DOSAGE,REGULATORY_REQUIREMENTS,CERTIFICATIONS,FILE_NAME,COMPANY_CD,CLAIMS,PDP_VDO,LIGHT_VERSION,RECOMMENDED_HEALTH_BENEFITS,SUSTAINABLE_DOC
0,Afghanistan (AF),SCI,Polymers,DSM,(MANUAL_INPUT),"['Medical Application', 'Automotive Paints', 'Construction', 'Fibers, Textiles & Films', 'Rubber & Elastomers', 'Thermoplastic Transformers']",['POLYMERS - Thermoplastic Polyurethane'],Arnitel® L-X07805,N/A,Solid,,N/A,(MANUAL_INPUT),[],PIM000004386-36. Arnitel LX07805.pdf,AAAA,[],(MANUAL_INPUT),(MANUAL_INPUT),[],(OPTIONAL)
1,Afghanistan (AF),SCI,Paints & Coatings,Evonik Resource Efficiency GmbH,(MANUAL_INPUT),"['Architectural and Deco.', 'Automotive Paints', 'Can, Coil and Industrial', 'Printing Inks', 'Powder Coating', 'Thermosets & Composites']",['ADDITIVES - Matting Agent'],ACEMATT® OK 412,N/A,Micronized powder,,As supplied calculated on total formulation: 1.5 - 7.0 %,(MANUAL_INPUT),[],PIM000004496-05. ACEMATT_OK_412.pdf,AAAA,[],(MANUAL_INPUT),(MANUAL_INPUT),[],(OPTIONAL)
2,Afghanistan (AF),SCI,Paints & Coatings,DKSH,(MANUAL_INPUT),"['Adhesives & Sealants', 'Printing Inks', 'Architectural and Deco.', 'Automotive Paints', 'Can, Coil and Industrial']","['ADDITIVES - Adhesion Promoter', 'ADDITIVES - Catalyst/Crosslinker', 'ADDITIVES - Coalescent', 'ADDITIVES - Rheology Modifier', 'ADDITIVES - Surface Modifier/Defoamer', 'ADDITIVES - Wetting Agent', 'BINDERS - Acrylic Resin', 'BINDERS - Epoxy Resin', 'BINDERS - Polyurethane/Polyaspartic', 'BINDERS - UV Binder & Oligomer']",OXT-101,3047-32-3,Liquid,,"Adding 10-20%, by weight, with alicyclic epoxy monomer.",(MANUAL_INPUT),"['TSCA', 'EINECS']",PIM000005632-02. Aron Oxetane_BLSCI_EU_RGB_0612_1.2.pdf,AAAA,[],(MANUAL_INPUT),(MANUAL_INPUT),[],(OPTIONAL)
3,Afghanistan (AF),SCI,"Electronic & Specialties, Paints & Coatings",DKSH,(MANUAL_INPUT),"['Adhesives & Sealants', 'Printing Inks', 'Can, Coil and Industrial']","['ADDITIVES - Catalyst/Crosslinker', 'ADDITIVES - Optical Material', 'ADDITIVES - Corrosion Inhibitor', 'ADDITIVES - Water Repellent', 'BINDERS - Epoxy Resin']",OXT-221,18934-00-4,Liquid,,N/A,(MANUAL_INPUT),"['TSCA', 'EINECS']",PIM000005632-02. Aron Oxetane_BLSCI_EU_RGB_0612_1.2.pdf,AAAA,[],(MANUAL_INPUT),(MANUAL_INPUT),[],(OPTIONAL)
4,Afghanistan (AF),SCI,Paints & Coatings,DKSH,(MANUAL_INPUT),"['Adhesives & Sealants', 'Architectural and Deco.', 'Printing Inks', 'Automotive Paints', 'Can, Coil and Industrial']","['ADDITIVES - Adhesion Promoter', 'ADDITIVES - Catalyst/Crosslinker', 'ADDITIVES - Dispersing Agent', 'ADDITIVES - Rheology Modifier', 'ADDITIVES - Surface Modifier/Defoamer', 'ADDITIVES - Wetting Agent', 'BINDERS - UV Binder & Oligomer']",OXT-212,N/A,Liquid,,N/A,(MANUAL_INPUT),"['TSCA', 'EINECS']",PIM000005632-02. Aron Oxetane_BLSCI_EU_RGB_0612_1.2.pdf,AAAA,[],(MANUAL_INPUT),(MANUAL_INPUT),[],(OPTIONAL)
5,Afghanistan (AF),SCI,Electronic & Specialties,DKSH,(MANUAL_INPUT),"['Electronic Chemicals', 'Fine Chemicals & Custom Synt.', 'Medical Application', 'Printing Inks', 'Fibers, Textiles & Films', 'Thermosets & Composites']","['ADDITIVES - Optical Material', 'ADDITIVES - Photoinitiator']",Spectra ADS329BE,N/A,Solid,,N/A,(MANUAL_INPUT),[],PIM000007842-12. ADS329BE.pdf,AAAA,[],(MANUAL_INPUT),(MANUAL_INPUT),[],(OPTIONAL)
6,Afghanistan (AF),SCI,Paints & Coatings,Allnex Belgium SA,(MANUAL_INPUT),"['Architectural and Deco.', 'Automotive Paints', 'Can, Coil and Industrial', 'Printing Inks', 'Lamination and Converting']","['ADDITIVES - Surface Modifier/Defoamer', 'ADDITIVES - Wetting Agent']",ADDITOL® XW 6544,N/A,Liquid,,"The total recommended dosage is generally 0.5 - 1.0 % on total formulation. In some cases, where especially strong foam generation is observed, a higher dosage may be necessary; it should, however, not exceed 1.5 %.",(MANUAL_INPUT),[],PIM000010372-ADDITOL XW 6544 TDS.pdf,AAAA,['Low VOC'],(MANUAL_INPUT),(MANUAL_INPUT),[],(MUST_INPUT)
7,Afghanistan (AF),SCI,Paints & Coatings,"AEKYUNG CHEMICAL CO.,LTD.",(MANUAL_INPUT),"['Automotive Paints', 'Can, Coil and Industrial', 'Adhesives & Sealants', 'Fibers, Textiles & Films', 'Printing Inks', 'Lamination and Converting']","['ADDITIVES - Catalyst/Crosslinker', 'BINDERS - Polyisocyanate']",AH-2200,N/A,Liquid,,N/A,(MANUAL_INPUT),[],PIM000017096-AH-2200(E)TD.pdf,AAAA,['VOC Free'],(MANUAL_INPUT),(MANUAL_INPUT),[],(MUST_INPUT)
8,Afghanistan (AF),SCI,Paints & Coatings,Silberline Ltd.,(MANUAL_INPUT),"['Automotive Paints', 'Can, Coil and Industrial', 'Printing Inks', 'Construction', 'Architectural and Deco.', 'Lamination and Converting', 'Powder Coating', 'Thermosets & Composites', 'Thermoplastic Transformers', 'Masterbatch & Compounders', 'Polymer Producers']","['PIGMENTS - Aluminum Pigment', 'ADDITIVES - Corrosion Inhibitor', 'ADDITIVES - Antiscratch', 'ADDITIVES - Adhesion Promoter', 'ADDITIVES - UV Absorber', 'ADDITIVES - Water Repellent']",Aluminium Paste Non Leafing,7429-90-5,Paste,,N/A,(MANUAL_INPUT),"['REACH', 'TSCA', 'EINECS', 'ENCS', 'NZIoC', 'PICCS', 'AICS', 'DSL', 'NDSL', 'China (CRC/SEPA)', 'ECL', 'NEW ZEALAND']",PIM000019323-EU APNL v7.02 En.pdf,AAAA,['Low VOC'],(MANUAL_INPUT),(MANUAL_INPUT),[],(MUST_INPUT)
9,Afghanistan (AF),SCI,Paints & Coatings,"Silberline Manufacturing Co., Inc.",(MANUAL_INPUT),['Printing Inks'],['PIGMENTS - Aluminum Pigment'],L-20245 Aluminium Paste,N/A,Paste,,N/A,(MANUAL_INPUT),[],PIM000019323-L-20245 Aluminium Paste PDS.pdf,AAAA,[],(MANUAL_INPUT),(MANUAL_INPUT),[],(OPTIONAL)
10,Afghanistan (AF),SCI,Agrochemicals,Nouryon,(MANUAL_INPUT),['Plant & Crop Protection'],"['ADDITIVES - Emulsifier', 'ADDITIVES - Wetting Agent', 'ADDITIVES - Dispersing Agent']",Adsee C80W,N/A,Liquid,,N/A,(MANUAL_INPUT),[],PIM000031967-pds-adsee-c80w-emeia-en.pdf,AAAA,[],(MANUAL_INPUT),(MANUAL_INPUT),[],(OPTIONAL)
11,Afghanistan (AF),SCI,Paints & Coatings,"Negami Chemical Industrial Co.,Ltd",(MANUAL_INPUT),"['Architectural and Deco.', 'Automotive Paints', 'Can, Coil and Industrial', 'Printing Inks', 'Lamination and Converting', 'Powder Coating', 'Fibers, Textiles & Films', 'Thermosets & Composites']","['ADDITIVES - Surface Modifier/Defoamer', 'ADDITIVES - Wetting Agent']",C-80T,N/A,Micronized powder,,N/A,(MANUAL_INPUT),[],PIM000036684-C_Series.pdf,AAAA,[],(MANUAL_INPUT),(MANUAL_INPUT),[],(OPTIONAL)
12,Afghanistan (AF),SCI,Paints & Coatings,"Negami Chemical Industrial Co.,Ltd",(MANUAL_INPUT),"['Adhesives & Sealants', 'Printing Inks', 'Lamination and Converting', 'Fibers, Textiles & Films', 'Polymer Producers', 'Thermoplastic Transformers']","['ADDITIVES - Surface Modifier/Defoamer', 'ADDITIVES - Wetting Agent']",C-100T,N/A,Micronized powder,,N/A,(MANUAL_INPUT),[],PIM000036684-C_Series.pdf,AAAA,[],(MANUAL_INPUT),(MANUAL_INPUT),[],(OPTIONAL)
13,Afghanistan (AF),SCI,Paints & Coatings,"Negami Chemical Industrial Co.,Ltd",(MANUAL_INPUT),"['Adhesives & Sealants', 'Architectural and Deco.', 'Automotive Paints', 'Can, Coil and Industrial', 'Construction', 'Printing Inks', 'Lamination and Converting', 'Powder Coating', 'Fibers, Textiles & Films', 'Thermosets & Composites', 'Thermoplastic Transformers']",['ADDITIVES - Antistatic'],C-200T,N/A,Micronized powder,,N/A,(MANUAL_INPUT),[],PIM000036684-C_Series.pdf,AAAA,[],(MANUAL_INPUT),(MANUAL_INPUT),[],(OPTIONAL)
14,Afghanistan (AF),SCI,Paints & Coatings,"Negami Chemical Industrial Co.,Ltd",(MANUAL_INPUT),"['Printing Inks', 'Adhesives & Sealants', 'Automotive Paints', 'Can, Coil and Industrial', 'Rubber & Elastomers', 'Polymer Producers', 'Masterbatch & Compounders']","['ADDITIVES - Surface Modifier/Defoamer', 'ADDITIVES - Wetting Agent']",C-200BK,N/A,Micronized powder,,N/A,(MANUAL_INPUT),[],PIM000036684-C_Series.pdf,AAAA,[],(MANUAL_INPUT),(MANUAL_INPUT),[],(OPTIONAL)
15,Afghanistan (AF),SCI,Paints & Coatings,"Negami Chemical Industrial Co.,Ltd",(MANUAL_INPUT),"['Printing Inks', 'Fibers, Textiles & Films', 'Masterbatch & Compounders', 'Polymer Producers', 'Thermoplastic Transformers']","['ADDITIVES - Surface Modifier/Defoamer', 'ADDITIVES - Water Repellent']",C-200WA,N/A,Micronized powder,,N/A,(MANUAL_INPUT),[],PIM000036684-C_Series.pdf,AAAA,[],(MANUAL_INPUT),(MANUAL_INPUT),[],(OPTIONAL)
16,Afghanistan (AF),SCI,Paints & Coatings,"Negami Chemical Industrial Co.,Ltd",(MANUAL_INPUT),"['Printing Inks', 'Lamination and Converting', 'Fibers, Textiles & Films', 'Masterbatch & Compounders', 'Polymer Producers', 'Thermoplastic Transformers']","['ADDITIVES - Surface Modifier/Defoamer', 'ADDITIVES - Matting Agent']",C-300T,N/A,Micronized powder,,N/A,(MANUAL_INPUT),[],PIM000036684-C_Series.pdf,AAAA,[],(MANUAL_INPUT),(MANUAL_INPUT),[],(OPTIONAL)
17,Afghanistan (AF),SCI,Paints & Coatings,"Negami Chemical Industrial Co.,Ltd",(MANUAL_INPUT),"['Printing Inks', 'Lamination and Converting', 'Powder Coating', 'Fibers, Textiles & Films', 'Masterbatch & Compounders', 'Polymer Producers', 'Rubber & Elastomers', 'Thermosets & Composites', 'Thermoplastic Transformers']","['ADDITIVES - Surface Modifier/Defoamer', 'ADDITIVES - Wetting Agent']",C-300BK,N/A,Micronized powder,,N/A,(MANUAL_INPUT),[],PIM000036684-C_Series.pdf,AAAA,[],(MANUAL_INPUT),(MANUAL_INPUT),[],(OPTIONAL)
18,Afghanistan (AF),SCI,Paints & Coatings,"Negami Chemical Industrial Co.,Ltd",(MANUAL_INPUT),"['Printing Inks', 'Lamination and Converting', 'Fibers, Textiles & Films', 'Polymer Producers', 'Thermoplastic Transformers']","['ADDITIVES - Surface Modifier/Defoamer', 'ADDITIVES - Matting Agent']",C-300WA,N/A,Micronized powder,,N/A,(MANUAL_INPUT),[],PIM000036684-C_Series.pdf,AAAA,[],(MANUAL_INPUT),(MANUAL_INPUT),[],(OPTIONAL)
19,Afghanistan (AF),SCI,"Paints & Coatings, Polymers","Negami Chemical Industrial Co.,Ltd",(MANUAL_INPUT),"['Adhesives & Sealants', 'Automotive Paints', 'Can, Coil and Industrial', 'Printing Inks', 'Powder Coating', 'Thermosets & Composites', 'Thermoplastic Transformers']","['ADDITIVES - Antiscratch', 'ADDITIVES - Matting Agent']",C-400T,N/A,Micronized powder,,N/A,(MANUAL_INPUT),[],PIM000036684-C_Series.pdf,AAAA,[],(MANUAL_INPUT),(MANUAL_INPUT),[],(OPTIONAL)
20,Afghanistan (AF),SCI,Paints & Coatings,"Negami Chemical Industrial Co.,Ltd",(MANUAL_INPUT),"['Printing Inks', 'Lamination and Converting', 'Powder Coating', 'Fibers, Textiles & Films', 'Masterbatch & Compounders', 'Polymer Producers', 'Thermosets & Composites', 'Thermoplastic Transformers']","['ADDITIVES - Surface Modifier/Defoamer', 'ADDITIVES - Rheology Modifier']",C-400BK,N/A,Micronized powder,,N/A,(MANUAL_INPUT),[],PIM000036684-C_Series.pdf,AAAA,[],(MANUAL_INPUT),(MANUAL_INPUT),[],(OPTIONAL)
21,Afghanistan (AF),SCI,Paints & Coatings,"Negami Chemical Industrial Co.,Ltd",(MANUAL_INPUT),"['Printing Inks', 'Lamination and Converting', 'Powder Coating', 'Fibers, Textiles & Films', 'Thermosets & Composites', 'Thermoplastic Transformers']","['ADDITIVES - Surface Modifier/Defoamer', 'ADDITIVES - Wetting Agent']",C-400WA,N/A,Micronized powder,,N/A,(MANUAL_INPUT),[],PIM000036684-C_Series.pdf,AAAA,[],(MANUAL_INPUT),(MANUAL_INPUT),[],(OPTIONAL)
22,Afghanistan (AF),SCI,Paints & Coatings,"Negami Chemical Industrial Co.,Ltd",(MANUAL_INPUT),"['Printing Inks', 'Lamination and Converting', 'Fibers, Textiles & Films', 'Masterbatch & Compounders', 'Polymer Producers', 'Thermoplastic Transformers']","['ADDITIVES - Surface Modifier/Defoamer', 'ADDITIVES - Wetting Agent', 'ADDITIVES - Dispersing Agent']",C-400R,N/A,Micronized powder,,N/A,(MANUAL_INPUT),[],PIM000036684-C_Series.pdf,AAAA,[],(MANUAL_INPUT),(MANUAL_INPUT),[],(OPTIONAL)
23,Afghanistan (AF),SCI,"Electronic & Specialties, Paints & Coatings, Polymers","Negami Chemical Industrial Co.,Ltd",(MANUAL_INPUT),"['Printing Inks', 'Fibers, Textiles & Films', 'Architectural and Deco.', 'Automotive Paints', 'Can, Coil and Industrial', 'Lamination and Converting']","['ADDITIVES - Surface Modifier/Defoamer', 'ADDITIVES - Water Repellent']",C-400BL,N/A,Micronized powder,,N/A,(MANUAL_INPUT),[],PIM000036684-C_Series.pdf,AAAA,[],(MANUAL_INPUT),(MANUAL_INPUT),[],(OPTIONAL)
24,Afghanistan (AF),SCI,Paints & Coatings,"Negami Chemical Industrial Co.,Ltd",(MANUAL_INPUT),"['Printing Inks', 'Fibers, Textiles & Films', 'Architectural and Deco.', 'Automotive Paints', 'Can, Coil and Industrial', 'Construction', 'Lamination and Converting']","['ADDITIVES - Surface Modifier/Defoamer', 'ADDITIVES - Wetting Agent']",C-400Y,N/A,Micronized powder,,N/A,(MANUAL_INPUT),[],PIM000036684-C_Series.pdf,AAAA,[],(MANUAL_INPUT),(MANUAL_INPUT),[],(OPTIONAL)
25,Afghanistan (AF),SCI,Paints & Coatings,"Negami Chemical Industrial Co.,Ltd",(MANUAL_INPUT),"['Printing Inks', 'Architectural and Deco.', 'Automotive Paints', 'Can, Coil and Industrial', 'Construction', 'Lamination and Converting', 'Powder Coating']","['ADDITIVES - Surface Modifier/Defoamer', 'ADDITIVES - Wetting Agent', 'ADDITIVES - Dispersing Agent', 'ADDITIVES - Matting Agent']",C-400GR,N/A,Micronized powder,,N/A,(MANUAL_INPUT),[],PIM000036684-C_Series.pdf,AAAA,[],(MANUAL_INPUT),(MANUAL_INPUT),[],(OPTIONAL)
26,Afghanistan (AF),SCI,Paints & Coatings,"Negami Chemical Industrial Co.,Ltd",(MANUAL_INPUT),"['Printing Inks', 'Fibers, Textiles & Films', 'Masterbatch & Compounders', 'Polymer Producers', 'Rubber & Elastomers', 'Thermosets & Composites', 'Thermoplastic Transformers']","['ADDITIVES - Surface Modifier/Defoamer', 'ADDITIVES - Matting Agent']",MT-400YO,N/A,Micronized powder,,N/A,(MANUAL_INPUT),[],PIM000036684-C_Series.pdf,AAAA,[],(MANUAL_INPUT),(MANUAL_INPUT),[],(OPTIONAL)
27,Afghanistan (AF),SCI,Paints & Coatings,"Negami Chemical Industrial Co.,Ltd",(MANUAL_INPUT),"['Printing Inks', 'Architectural and Deco.', 'Automotive Paints', 'Can, Coil and Industrial', 'Powder Coating']","['ADDITIVES - Surface Modifier/Defoamer', 'ADDITIVES - Matting Agent']",MT-400BR,N/A,Micronized powder,,N/A,(MANUAL_INPUT),[],PIM000036684-C_Series.pdf,AAAA,[],(MANUAL_INPUT),(MANUAL_INPUT),[],(OPTIONAL)
28,Afghanistan (AF),SCI,Paints & Coatings,"Negami Chemical Industrial Co.,Ltd",(MANUAL_INPUT),"['Printing Inks', 'Lamination and Converting', 'Fibers, Textiles & Films', 'Thermoplastic Transformers']","['ADDITIVES - Surface Modifier/Defoamer', 'ADDITIVES - Wetting Agent', 'ADDITIVES - Water Repellent']",C-600T,N/A,Micronized powder,,N/A,(MANUAL_INPUT),[],PIM000036684-C_Series.pdf,AAAA,[],(MANUAL_INPUT),(MANUAL_INPUT),[],(OPTIONAL)
29,Afghanistan (AF),SCI,Paints & Coatings,"Negami Chemical Industrial Co.,Ltd",(MANUAL_INPUT),"['Architectural and Deco.', 'Can, Coil and Industrial', 'Printing Inks', 'Lamination and Converting', 'Fibers, Textiles & Films', 'Thermosets & Composites']","['ADDITIVES - Surface Modifier/Defoamer', 'ADDITIVES - Matting Agent']",C-800T,N/A,Micronized powder,,N/A,(MANUAL_INPUT),[],PIM000036684-C_Series.pdf,AAAA,[],(MANUAL_INPUT),(MANUAL_INPUT),[],(OPTIONAL)
30,Afghanistan (AF),SCI,Paints & Coatings,"Negami Chemical Industrial Co.,Ltd",(MANUAL_INPUT),"['Printing Inks', 'Fibers, Textiles & Films', 'Architectural and Deco.', 'Automotive Paints', 'Can, Coil and Industrial', 'Lamination and Converting', 'Thermoplastic Transformers']","['ADDITIVES - Surface Modifier/Defoamer', 'ADDITIVES - Wetting Agent']",C-800BK,N/A,Micronized powder,,N/A,(MANUAL_INPUT),[],PIM000036684-C_Series.pdf,AAAA,[],(MANUAL_INPUT),(MANUAL_INPUT),[],(OPTIONAL)
31,Afghanistan (AF),SCI,Paints & Coatings,"Negami Chemical Industrial Co.,Ltd",(MANUAL_INPUT),"['Printing Inks', 'Lamination and Converting', 'Fibers, Textiles & Films', 'Architectural and Deco.', 'Automotive Paints', 'Can, Coil and Industrial']","['ADDITIVES - Surface Modifier/Defoamer', 'ADDITIVES - Water Repellent', 'ADDITIVES - Wetting Agent']",C-800WA,N/A,Micronized powder,,N/A,(MANUAL_INPUT),[],PIM000036684-C_Series.pdf,AAAA,[],(MANUAL_INPUT),(MANUAL_INPUT),[],(OPTIONAL)
32,Afghanistan (AF),SCI,"Paints & Coatings, Polymers","Elementis Specialties, Inc.",(MANUAL_INPUT),"['Adhesives & Sealants', 'Architectural and Deco.', 'Automotive Paints', 'Can, Coil and Industrial', 'Construction', 'Printing Inks', 'Thermosets & Composites']","['ADDITIVES - Rheology Modifier', 'ADDITIVES - Dispersing Agent', 'ADDITIVES - Stabiliser']",AU-151 Rheological Additive,N/A,Liquid,,Prevent separation of fumed silica: 5 -10 % based on fumed silica. Increase and stabilize thixotropy of UP and epoxy: 10 - 30 % based on fumed silica. Increase and stabilize thixotropy of vinyl resin: 20 - 50 % based on fumed silica.,(MANUAL_INPUT),[],PIM000037169-AU-151.pdf,AAAA,[],(MANUAL_INPUT),(MANUAL_INPUT),[],(OPTIONAL)
33,Afghanistan (AF),SCI,Paints & Coatings,"Hefei Sunrise Aluminium Pigments Co., Ltd",(MANUAL_INPUT),"['Automotive Paints', 'Can, Coil and Industrial', 'Printing Inks']",['PIGMENTS - Aluminum Pigment'],Aluminium paste XY-010,N/A,Paste,,N/A,(MANUAL_INPUT),[],PIM000046894-ALUMINIUM PAST XY-010_TDS.pdf,AAAA,[],(MANUAL_INPUT),(MANUAL_INPUT),[],(OPTIONAL)
34,Afghanistan (AF),SCI,Paints & Coatings,"CQV Co., Ltd.",(MANUAL_INPUT),"['Automotive Paints', 'Architectural and Deco.', 'Can, Coil and Industrial']",['PIGMENTS - Pearlescent Pigment'],Automotive Ferrius Scarlet Red AF-668K-OP,N/A,Micronized powder,,N/A,(MANUAL_INPUT),[],PIM000049198-AUTOMOTIVE FERRIUS SCARLET RED AF-668K-OP_TDS.pdf,AAAA,[],(MANUAL_INPUT),(MANUAL_INPUT),[],(OPTIONAL)
35,Afghanistan (AF),SCI,Polymers,AksharChem India Limited,(MANUAL_INPUT),"['Rubber & Elastomers', 'Thermosets & Composites', 'Construction', 'Plant & Crop Protection']","['ADDITIVES - Antiscratch', 'ADDITIVES - Corrosion Inhibitor', 'ADDITIVES - Rheology Modifier', 'ADDITIVES - Surface Modifier/Defoamer', 'ADDITIVES - Water Repellent', 'ADDITIVES - Wetting Agent', 'BINDERS - Other', 'PIGMENTS - Opacifier/Filler']",AKSIL™ 160 (P),N/A,Micronized powder,,N/A,(MANUAL_INPUT),[],PIM000059609-AKSIL 160 P_TDS.pdf,AAAA,['Emission Control'],(MANUAL_INPUT),(MANUAL_INPUT),[],(MUST_INPUT)
36,Afghanistan (AF),SCI,"Paints & Coatings, Polymers",DCL,(MANUAL_INPUT),"['Architectural and Deco.', 'Automotive Paints', 'Can, Coil and Industrial', 'Printing Inks', 'Powder Coating', 'Rubber & Elastomers']",['PIGMENTS - Organic Pigment'],Perrindo® Maroon 179,5521-31-3,Micronized powder,,N/A,(MANUAL_INPUT),[],"PIM000064166-229-6442, PERRINDO MAROON 179_TDS.pdf",AAAA,[],(MANUAL_INPUT),(MANUAL_INPUT),[],(OPTIONAL)
37,Afghanistan (AF),SCI,Electronic & Specialties,The Chemours Company,(MANUAL_INPUT),"['Lubricants', 'Fine Chemicals & Custom Synt.', 'Petrochemicals', 'Medical Application', 'Others']","['ADDITIVES - Corrosion Inhibitor', 'ADDITIVES - Antioxidant', 'ADDITIVES - Stabiliser', 'ADDITIVES - Water Repellent', 'SOLVENTS - Base Oils & Plasticizer']",Krytox GPL 100-107 Oils,N/A,Liquid,,N/A,(MANUAL_INPUT),"['FDA', 'FOOD CONTACT']",PIM000076147-(L22 -2) KRYTOX GPL 207 (H1) GRS.pdf,AAAA,['VOC Free'],(MANUAL_INPUT),(MANUAL_INPUT),[],(MUST_INPUT)
38,Afghanistan (AF),SCI,Electronic & Specialties,The Chemours Company,(MANUAL_INPUT),"['Lubricants', 'Medical Application', 'Petrochemicals', 'Others']","['ADDITIVES - Corrosion Inhibitor', 'ADDITIVES - Stabiliser', 'ADDITIVES - Water Repellent', 'ADDITIVES - Antioxidant', 'ADDITIVES - Flame Retardant', 'ADDITIVES - Surface Modifier/Defoamer']",Krytox GPL 200-207 Greases,N/A,Paste,,N/A,(MANUAL_INPUT),"['FDA', 'FOOD CONTACT']",PIM000076147-(L22 -2) KRYTOX GPL 207 (H1) GRS.pdf,AAAA,[],(MANUAL_INPUT),(MANUAL_INPUT),[],(OPTIONAL)
39,Afghanistan (AF),SCI,Electronic & Specialties,The Chemours Company,(MANUAL_INPUT),"['Lubricants', 'Mining', 'Others', 'Petrochemicals']","['ADDITIVES - Corrosion Inhibitor', 'ADDITIVES - Antioxidant', 'ADDITIVES - Stabiliser', 'ADDITIVES - Surface Modifier/Defoamer']",Krytox GPL 210-217 EP Greases,N/A,Paste,,N/A,(MANUAL_INPUT),"['TSCA', 'FDA', 'FOOD CONTACT']",PIM000076147-(L22 -2) KRYTOX GPL 207 (H1) GRS.pdf,AAAA,[],(MANUAL_INPUT),(MANUAL_INPUT),[],(OPTIONAL)
40,Afghanistan (AF),SCI,Electronic & Specialties,The Chemours Company,(MANUAL_INPUT),"['Lubricants', 'Medical Application', 'Mining', 'Petrochemicals', 'Adhesives & Sealants', 'Construction', 'Rubber & Elastomers', 'Thermosets & Composites']","['ADDITIVES - Corrosion Inhibitor', 'ADDITIVES - Antioxidant', 'ADDITIVES - Anti-freezing Agent']",Krytox GPL 220-227 Anti-Corrosion Greases,N/A,Paste,,N/A,(MANUAL_INPUT),"['FDA', 'FOOD CONTACT']",PIM000076147-(L22 -2) KRYTOX GPL 207 (H1) GRS.pdf,AAAA,[],(MANUAL_INPUT),(MANUAL_INPUT),[],(OPTIONAL)
41,Afghanistan (AF),SCI,Electronic & Specialties,The Chemours (Thailand) Company Limited,(MANUAL_INPUT),"['Lubricants', 'Others']","['ADDITIVES - Corrosion Inhibitor', 'ADDITIVES - Water Repellent', 'ADDITIVES - Antioxidant', 'ADDITIVES - Stabiliser', 'ADDITIVES - Surface Modifier/Defoamer']",Krytox™ GPL 207,N/A,Paste,,N/A,(MANUAL_INPUT),"['DSL', 'ENCS', 'NZIoC', 'PICCS', 'REACH', 'TSCA']",PIM000076147-SDS KRYTOX(TM) GPL 207 (EN).pdf,AAAA,[],(MANUAL_INPUT),(MANUAL_INPUT),[],(OPTIONAL)
42,Afghanistan (AF),SCI,Polymers,Croda Europe Limited,(MANUAL_INPUT),"['Fibers, Textiles & Films', 'Masterbatch & Compounders', 'Polymer Producers', 'Thermoplastic Transformers']",['ADDITIVES - Antistatic'],Atmer 1440,N/A,Paste,,Typical addition levels are 0.5 - 4%.,(MANUAL_INPUT),"['EINECS', 'FDA', 'FOOD CONTACT', 'REACH', 'TSCA']",PIM000077455-ATMER 1440_TDS.pdf,AAAA,[],(MANUAL_INPUT),(MANUAL_INPUT),[],(OPTIONAL)
43,Afghanistan (AF),SCI,"Paints & Coatings, Polymers",Sun Chemical Corporation,(MANUAL_INPUT),"['Printing Inks', 'Fibers, Textiles & Films', 'Masterbatch & Compounders', 'Polymer Producers', 'Rubber & Elastomers', 'Thermoplastic Transformers']",['PIGMENTS - Organic Pigment'],Sunbrite® Red 48:2,7023-61-2,Solid,,N/A,(MANUAL_INPUT),"['FDA', 'REACH', 'TSCA']",PIM000080111-234-0781 SUNBRITE RED 482_TDS.pdf,AAAA,[],(MANUAL_INPUT),(MANUAL_INPUT),[],(OPTIONAL)
44,Afghanistan (AF),SCI,"Electronic & Specialties, Paints & Coatings, Polymers","Shandong Chenxu New Material Co., Ltd.",(MANUAL_INPUT),"['Electronic Chemicals', 'Construction', 'Automotive Paints', 'Printing Inks', 'Powder Coating', 'Rubber & Elastomers', 'Thermosets & Composites', 'Thermoplastic Transformers']","['ADDITIVES - Flame Retardant', 'ADDITIVES - Flame Retardant', 'ADDITIVES - Optical Material', 'ADDITIVES - Dispersing Agent', 'ADDITIVES - Surface Modifier/Defoamer', 'ADDITIVES - Rheology Modifier']",Aluminum Hydroxide AH-1,N/A,Micronized powder,,N/A,(MANUAL_INPUT),[],PIM000086960-Aluminum Hydroxide Specification.pdf,AAAA,"['Emission Control', 'Low VOC']",(MANUAL_INPUT),(MANUAL_INPUT),[],(MUST_INPUT)
45,Afghanistan (AF),SCI,"Electronic & Specialties, Paints & Coatings, Polymers","Shandong Chenxu New Material Co., Ltd.",(MANUAL_INPUT),"['Electronic Chemicals', 'Adhesives & Sealants', 'Automotive Paints', 'Can, Coil and Industrial', 'Construction', 'Printing Inks', 'Powder Coating', 'Fibers, Textiles & Films', 'Masterbatch & Compounders', 'Polymer Producers', 'Rubber & Elastomers', 'Thermosets & Composites', 'Thermoplastic Transformers']","['ADDITIVES - Flame Retardant', 'ADDITIVES - Flame Retardant', 'ADDITIVES - Intermediate & Accelerator', 'ADDITIVES - Catalyst/Crosslinker', 'ADDITIVES - Dispersing Agent']",Aluminum Hydroxide AH-5,N/A,Micronized powder,,N/A,(MANUAL_INPUT),[],PIM000086960-Aluminum Hydroxide Specification.pdf,AAAA,"['Emission Control', 'Low VOC']",(MANUAL_INPUT),(MANUAL_INPUT),[],(MUST_INPUT)
46,Afghanistan (AF),SCI,"Electronic & Specialties, Paints & Coatings, Polymers","Shandong Chenxu New Material Co., Ltd.",(MANUAL_INPUT),"['Electronic Chemicals', 'Construction', 'Automotive Paints', 'Can, Coil and Industrial', 'Printing Inks', 'Powder Coating', 'Fibers, Textiles & Films', 'Masterbatch & Compounders', 'Polymer Producers', 'Rubber & Elastomers', 'Thermosets & Composites', 'Thermoplastic Transformers']",Expecting value: line 1 column 1 (char 0),Aluminum Hydroxide A-8,N/A,Micronized powder,,N/A,(MANUAL_INPUT),[],PIM000086960-Aluminum Hydroxide Specification.pdf,AAAA,['Emission Control'],(MANUAL_INPUT),(MANUAL_INPUT),[],(MUST_INPUT)
47,Afghanistan (AF),SCI,"Electronic & Specialties, Paints & Coatings, Polymers","Shandong Chenxu New Material Co., Ltd.",(MANUAL_INPUT),"['Electronic Chemicals', 'Construction', 'Automotive Paints', 'Can, Coil and Industrial', 'Printing Inks', 'Powder Coating', 'Fibers, Textiles & Films', 'Masterbatch & Compounders', 'Polymer Producers', 'Rubber & Elastomers', 'Thermosets & Composites', 'Thermoplastic Transformers']","['ADDITIVES - Flame Retardant', 'ADDITIVES - Flame Retardant', 'ADDITIVES - Optical Material', 'ADDITIVES - Other']",Aluminum Hydroxide A-8L,N/A,Micronized powder,,N/A,(MANUAL_INPUT),[],PIM000086960-Aluminum Hydroxide Specification.pdf,AAAA,"['Emission Control', 'Low VOC']",(MANUAL_INPUT),(MANUAL_INPUT),[],(MUST_INPUT)
48,Afghanistan (AF),SCI,"Electronic & Specialties, Paints & Coatings, Polymers","Shandong Chenxu New Material Co., Ltd.",(MANUAL_INPUT),"['Electronic Chemicals', 'Construction', 'Automotive Paints', 'Can, Coil and Industrial', 'Printing Inks', 'Powder Coating', 'Fibers, Textiles & Films', 'Masterbatch & Compounders', 'Polymer Producers', 'Rubber & Elastomers', 'Thermosets & Composites', 'Thermoplastic Transformers']","['ADDITIVES - Flame Retardant', 'ADDITIVES - Flame Retardant', 'ADDITIVES - Flame Retardant']",Aluminum Hydroxide AH-10H,N/A,Micronized powder,,N/A,(MANUAL_INPUT),[],PIM000086960-Aluminum Hydroxide Specification.pdf,AAAA,['Emission Control'],(MANUAL_INPUT),(MANUAL_INPUT),[],(MUST_INPUT)
49,Afghanistan (AF),SCI,"Electronic & Specialties, Paints & Coatings, Polymers","Shandong Chenxu New Material Co., Ltd.",(MANUAL_INPUT),"['Adhesives & Sealants', 'Automotive Paints', 'Construction', 'Powder Coating', 'Rubber & Elastomers', 'Thermosets & Composites', 'Thermoplastic Transformers']","['ADDITIVES - Flame Retardant', 'ADDITIVES - Adsorbent', 'ADDITIVES - Catalyst/Crosslinker', 'ADDITIVES - Dispersing Agent', 'ADDITIVES - Stabiliser', 'ADDITIVES - Surface Modifier/Defoamer', 'ADDITIVES - Rheology Modifier', 'ADDITIVES - Optical Material', 'ADDITIVES - Other']",Aluminum Hydroxide A-10,N/A,Micronized powder,,N/A,(MANUAL_INPUT),[],PIM000086960-Aluminum Hydroxide Specification.pdf,AAAA,['Emission Control'],(MANUAL_INPUT),(MANUAL_INPUT),[],(MUST_INPUT)
50,Afghanistan (AF),SCI,"Electronic & Specialties, Paints & Coatings, Polymers","Shandong Chenxu New Material Co., Ltd.",(MANUAL_INPUT),"['Electronic Chemicals', 'Construction', 'Automotive Paints', 'Powder Coating', 'Rubber & Elastomers', 'Thermosets & Composites', 'Thermoplastic Transformers']","['ADDITIVES - Flame Retardant', 'ADDITIVES - Adsorbent', 'ADDITIVES - Dispersing Agent', 'ADDITIVES - Surface Modifier/Defoamer', 'ADDITIVES - Stabiliser', 'ADDITIVES - Intermediate & Accelerator']",Aluminum Hydroxide A-15,N/A,Micronized powder,,N/A,(MANUAL_INPUT),[],PIM000086960-Aluminum Hydroxide Specification.pdf,AAAA,['Emission Control'],(MANUAL_INPUT),(MANUAL_INPUT),[],(MUST_INPUT)
51,Afghanistan (AF),SCI,"Electronic & Specialties, Paints & Coatings, Polymers","Shandong Chenxu New Material Co., Ltd.",(MANUAL_INPUT),"['Electronic Chemicals', 'Adhesives & Sealants', 'Automotive Paints', 'Construction', 'Powder Coating', 'Masterbatch & Compounders', 'Polymer Producers', 'Rubber & Elastomers', 'Thermosets & Composites', 'Thermoplastic Transformers']","['ADDITIVES - Flame Retardant', 'ADDITIVES - Flame Retardant', 'ADDITIVES - Optical Material', 'ADDITIVES - Reagent', 'ADDITIVES - Surface Modifier/Defoamer', 'ADDITIVES - Wetting Agent']",Aluminum Hydroxide AH-25,N/A,Micronized powder,,N/A,(MANUAL_INPUT),[],PIM000086960-Aluminum Hydroxide Specification.pdf,AAAA,['Emission Control'],(MANUAL_INPUT),(MANUAL_INPUT),[],(MUST_INPUT)
52,Afghanistan (AF),SCI,"Electronic & Specialties, Paints & Coatings, Polymers","Shandong Chenxu New Material Co., Ltd.",(MANUAL_INPUT),"['Electronic Chemicals', 'Construction', 'Automotive Paints', 'Can, Coil and Industrial', 'Printing Inks', 'Powder Coating', 'Fibers, Textiles & Films', 'Masterbatch & Compounders', 'Polymer Producers', 'Rubber & Elastomers', 'Thermosets & Composites', 'Thermoplastic Transformers']","['ADDITIVES - Flame Retardant', 'ADDITIVES - Flame Retardant', 'ADDITIVES - Optical Material', 'ADDITIVES - Dispersing Agent', 'ADDITIVES - Surface Modifier/Defoamer', 'ADDITIVES - Adsorbent', 'ADDITIVES - Stabiliser']",Aluminum Hydroxide AH-3,N/A,Micronized powder,,N/A,(MANUAL_INPUT),[],PIM000086960-Aluminum Hydroxide Specification.pdf,AAAA,['Emission Control'],(MANUAL_INPUT),(MANUAL_INPUT),[],(MUST_INPUT)
53,Afghanistan (AF),SCI,"Electronic & Specialties, Paints & Coatings, Polymers","Shandong Chenxu New Material Co., Ltd.",(MANUAL_INPUT),"['Electronic Chemicals', 'Automotive Paints', 'Construction', 'Printing Inks', 'Powder Coating', 'Fibers, Textiles & Films', 'Masterbatch & Compounders', 'Rubber & Elastomers', 'Thermosets & Composites', 'Thermoplastic Transformers']","['ADDITIVES - Flame Retardant', 'ADDITIVES - Flame Retardant', 'ADDITIVES - Optical Material', 'ADDITIVES - Dispersing Agent', 'ADDITIVES - Other']",Aluminum Hydroxide AH-3L,N/A,Micronized powder,,N/A,(MANUAL_INPUT),[],PIM000086960-Aluminum Hydroxide Specification.pdf,AAAA,['Emission Control'],(MANUAL_INPUT),(MANUAL_INPUT),[],(MUST_INPUT)
54,Afghanistan (AF),SCI,"Electronic & Specialties, Polymers",Envalior,(MANUAL_INPUT),"['Medical Application', 'Automotive Paints', 'Fibers, Textiles & Films', 'Rubber & Elastomers', 'Thermoplastic Transformers']","['ADDITIVES - Corrosion Inhibitor', 'ADDITIVES - Flame Retardant', 'ADDITIVES - Stabiliser', 'ADDITIVES - Surface Modifier/Defoamer', 'ADDITIVES - Water Repellent', 'BINDERS - Polyester', 'POLYMERS - Polyester/Polyethylene Terephthalate', 'POLYMERS - Thermoplastic Polyurethane']",Arnitel® EM550,N/A,Solid,,N/A,(MANUAL_INPUT),['FOOD CONTACT'],PIM000089402-ArnitelEM550enSI.pdf,AAAA,[],(MANUAL_INPUT),(MANUAL_INPUT),[],(OPTIONAL)
55,Afghanistan (AF),SCI,Paints & Coatings,"A.H.A. International Co., Ltd.",(MANUAL_INPUT),"['Powder Coating', 'Fine Chemicals & Custom Synt.', 'Medical Application']","['ADDITIVES - Dispersing Agent', 'ADDITIVES - Intermediate & Accelerator']",AHA 4100,119-53-9,Micronized powder,,N/A,(MANUAL_INPUT),[],PIM000096971-AHA 4100 TDS.pdf,AAAA,[],(MANUAL_INPUT),(MANUAL_INPUT),[],(OPTIONAL)
56,Afghanistan (AF),SCI,Paints & Coatings,"METAPOL, S.A. DE C.V.",(MANUAL_INPUT),"['Printing Inks', 'Automotive Paints', 'Can, Coil and Industrial', 'Architectural and Deco.', 'Powder Coating']",['PIGMENTS - Aluminum Pigment'],ALU F4007L IPA,N/A,Paste,,N/A,(MANUAL_INPUT),[],PIM000098529-ALU F4007L IPA_TDS.pdf,AAAA,[],(MANUAL_INPUT),(MANUAL_INPUT),[],(OPTIONAL)
57,Afghanistan (AF),SCI,"Paints & Coatings, Polymers",3V SIGMA S.P.A.,(MANUAL_INPUT),"['Adhesives & Sealants', 'Automotive Paints', 'Can, Coil and Industrial', 'Fibers, Textiles & Films', 'Polymer Producers', 'Rubber & Elastomers', 'Thermoplastic Transformers']",['ADDITIVES - Antioxidant'],ALVINOX 100,1709-70-2,Micronized powder,,Usual additions level of Alvinox 100 are: in polypropylene (PP) for films and tapes the level is between 0.1 to 0.3% with synergistic combinations with secondary antioxidants such as Alvinox P; in low density polyethylene (LDPE) the level is 0.025 to 0.10% in combination with a suitable metal deactivator; in high density polyethylene (HDPE) the level is 0.2 to 0.4%.,(MANUAL_INPUT),"['EINECS', 'FOOD CONTACT']",PIM000102935-TDS Alvinox 100.pdf,AAAA,[],(MANUAL_INPUT),(MANUAL_INPUT),[],(OPTIONAL)
58,Afghanistan (AF),SCI,Paints & Coatings,"AEKYUNG CHEMICAL CO.,LTD.",(MANUAL_INPUT),"['Automotive Paints', 'Adhesives & Sealants', 'Can, Coil and Industrial', 'Fibers, Textiles & Films', 'Thermosets & Composites']","['BINDERS - Polyurethane/Polyaspartic', 'ADDITIVES - Catalyst/Crosslinker']",AH-4075BX,N/A,Liquid,,N/A,(MANUAL_INPUT),[],PIM000106250-AH-4075BX(E)TD.pdf,AAAA,[],(MANUAL_INPUT),(MANUAL_INPUT),[],(OPTIONAL)
59,Afghanistan (AF),SCI,"Paints & Coatings, Polymers","Zuxing New Materials Co., Ltd.",(MANUAL_INPUT),"['Automotive Paints', 'Architectural and Deco.', 'Printing Inks', 'Construction', 'Masterbatch & Compounders']",['PIGMENTS - Aluminum Pigment'],Aluminum Pigment ZP7110,N/A,Solid,,N/A,(MANUAL_INPUT),[],PIM000112745-TDS_ZP7110.pdf,AAAA,[],(MANUAL_INPUT),(MANUAL_INPUT),[],(OPTIONAL)
60,Afghanistan (AF),SCI,Electronic & Specialties,Sarex Overseas (A division of Saraf Chemicals Pvt. Ltd.),(MANUAL_INPUT),"['Fine Chemicals & Custom Synt.', 'Medical Application', 'Others', 'Plant & Crop Protection']","['ADDITIVES - Intermediate & Accelerator', 'ADDITIVES - Reagent']",2-Acetylthiophene,88-15-3,Liquid,,N/A,(MANUAL_INPUT),"['EINECS', 'TSCA', 'NDSL']",PIM000119910-TDS_2-Acetylthiophene_Sarex.pdf,AAAA,[],(MANUAL_INPUT),(MANUAL_INPUT),[],(OPTIONAL)
61,Afghanistan (AF),SCI,Paints & Coatings,Admark Polycoats Pvt. Ltd.,(MANUAL_INPUT),"['Adhesives & Sealants', 'Architectural and Deco.', 'Automotive Paints', 'Can, Coil and Industrial', 'Construction']","['ADDITIVES - Adhesion Promoter', 'ADDITIVES - Corrosion Inhibitor', 'ADDITIVES - Catalyst/Crosslinker', 'ADDITIVES - Surface Modifier/Defoamer', 'BINDERS - Epoxy Resin']",AP 1158,N/A,Liquid,,The recommended dosage for AP 1158 is specified as 50 parts by weight when mixed with 100 parts of Epikote 828 (EEW = 190).,(MANUAL_INPUT),[],PIM000121865-AP 1158 TDS.pdf,AAAA,['Solvent Free Alternatives'],(MANUAL_INPUT),(MANUAL_INPUT),[],(MUST_INPUT)
62,Afghanistan (AF),SCI,Electronic & Specialties,"Shandong Yangcheng Biotechnology Co., Ltd.",(MANUAL_INPUT),"['Medical Application', 'Fine Chemicals & Custom Synt.', 'Others']","['ADDITIVES - Intermediate & Accelerator', 'ADDITIVES - Reagent']",L-Tyrosine,60-18-4,Solid,,N/A,(MANUAL_INPUT),[],PIM000146008-1、SPECIFICATION SHEET Tyr.pdf,AAAA,[],(MANUAL_INPUT),(MANUAL_INPUT),[],(OPTIONAL)
63,Afghanistan (AF),SCI,Electronic & Specialties,"Shandong Yangcheng Biotechnology Co., Ltd.",(MANUAL_INPUT),"['Medical Application', 'Fine Chemicals & Custom Synt.', 'Others']","['ADDITIVES - Intermediate & Accelerator', 'ADDITIVES - Reagent', 'ADDITIVES - Surface Modifier/Defoamer']",L-Tyrosine,60-18-4,Solid,,N/A,(MANUAL_INPUT),"['DSL', 'TSCA']",PIM000146008-MSDS L-tyrosine(2).pdf,AAAA,"['Bio-Based', 'Biodegradable']",(MANUAL_INPUT),(MANUAL_INPUT),[],(MUST_INPUT)
64,Afghanistan (AF),SCI,Paints & Coatings,"Wuhan Yincai Technology Co., Ltd",(MANUAL_INPUT),['Powder Coating'],"['ADDITIVES - Rheology Modifier', 'ADDITIVES - Surface Modifier/Defoamer']",Texture agent L118,25852-37-3,Micronized powder,,N/A,(MANUAL_INPUT),"['TSCA', 'DSL', 'AICS', 'ECL', 'ENCS']",PIM000148513-SDS-L118.pdf,AAAA,[],(MANUAL_INPUT),(MANUAL_INPUT),[],(OPTIONAL)
65,Afghanistan (AF),SCI,Paints & Coatings,"Wuhan Yincai Technology Co.,Ltd",(MANUAL_INPUT),['Powder Coating'],"['ADDITIVES - Surface Modifier/Defoamer', 'ADDITIVES - Rheology Modifier']",Texture agent L118,N/A,Micronized powder,,Dry blend 0.2-0.4% L118 in the formulation or base powder coating.,(MANUAL_INPUT),[],PIM000148513-TDS-L118.pdf,AAAA,[],(MANUAL_INPUT),(MANUAL_INPUT),[],(OPTIONAL)
66,Afghanistan (AF),SCI,"Paints & Coatings, Polymers",Insilico Co. Ltd.,(MANUAL_INPUT),"['Architectural and Deco.', 'Fibers, Textiles & Films', 'Printing Inks', 'Thermoplastic Transformers']",['ADDITIVES - Other'],Aromaball P - Lemon,9003-08-1,Solid,,N/A,(MANUAL_INPUT),"['EINECS', 'TSCA']",PIM000149128-[GHS] Aromaball P Lemon.pdf,AAAA,[],(MANUAL_INPUT),(MANUAL_INPUT),[],(OPTIONAL)
67,Afghanistan (AF),SCI,"Paints & Coatings, Polymers",Insilico,(MANUAL_INPUT),"['Fibers, Textiles & Films', 'Printing Inks', 'Architectural and Deco.', 'Others']","['ADDITIVES - Antioxidant', 'ADDITIVES - Antiscratch', 'ADDITIVES - Antistatic', 'ADDITIVES - Biocide', 'ADDITIVES - Emulsifier', 'ADDITIVES - Flame Retardant', 'ADDITIVES - Stabiliser', 'ADDITIVES - Surface Modifier/Defoamer', 'ADDITIVES - UV Absorber', 'ADDITIVES - Water Repellent', 'ADDITIVES - Wetting Agent']",Aroma and Functional Microcapsule,N/A,Micronized powder,,"Microcapsule: 0.5 - 3%, Binder: 0.5 - 1.5%, 1 Dip 1 Nip Pre dry 120℃- 30sec, Curing 160-170℃ 1-2 Min (Over Dry)",(MANUAL_INPUT),[],PIM000149128-[TDS]_Aromaball&Functional Microcapsule.pdf,AAAA,"['VOC Free', 'Low VOC']",(MANUAL_INPUT),(MANUAL_INPUT),[],(MUST_INPUT)
